{"cameraMode":{"drawMode":0,"name":"Shaded","section":"Shading Mode"},"sceneLighting":true,"audioPlay":false,"sceneViewState":{"showFog":true,"showMaterialUpdate":false,"showSkybox":true,"showFlares":true,"showImageEffects":true,"showParticleSystems":true},"in2DMode":false,"pivot":{"x":-119.4798583984375,"y":0.20361328125,"z":-16.940202713012697},"rotation":{"x":0.7132368683815002,"y":0.01681576296687126,"z":-0.017120864242315294,"w":0.7005124688148499},"size":707.1068115234375,"orthographic":false}