{"cameraMode":{"drawMode":0,"name":"Shaded","section":"Shading Mode"},"sceneLighting":true,"audioPlay":false,"sceneViewState":{"showFog":true,"showMaterialUpdate":false,"showSkybox":true,"showFlares":true,"showImageEffects":true,"showParticleSystems":true,"showVisualEffectGraphs":true,"m_FxEnabled":true},"in2DMode":false,"pivot":{"x":-107.98483276367188,"y":83.92889404296875,"z":-132.77276611328126},"rotation":{"x":-0.008321039378643036,"y":0.6827095746994019,"z":-0.7306444048881531,"w":-0.007796804420650005},"size":6.402448654174805,"orthographic":false}